{"token": "ya29.a0ARrdaM-k194clJLbyCeMNiZtfbANsf9-dJktuVwLODREFnkq2YeO5P2O9FjrQS84u90Ur-i9LjJNjM_dMpwBkAIRqwa4PTrP-ooQK4rG91Qg_xhb_yu-1j13NezF-M132r22w2qoavT71VcScSVrximFeVqS", "refresh_token": "1//0etR5DdnwN9ShCgYIARAAGA4SNwF-L9Irm3ir6gqCTRmI2tSx67LD-xI69vO2tkU26R1lVJ9wP1LmnyAu_JCzH3pD7ry-7LJavns", "token_uri": "https://oauth2.googleapis.com/token", "client_id": "664305802864-7uf2n3lk2bl17m91arcd3pmcrc1eh96q.apps.googleusercontent.com", "client_secret": "uOMCphLQAJreAhC9FZCoEMAq", "scopes": ["https://www.googleapis.com/auth/calendar"], "expiry": "2021-10-12T20:09:53.820974Z"}